{
  "mode": "ddp_mccl",
  "step_times": [
    2.507781917000102,
    2.513029749999987,
    2.5143395840023004,
    2.5027314590006426,
    2.5069381659995997,
    2.506673750001937,
    2.508392542000365,
    2.5031837910028116,
    2.5101868330020807,
    2.503531665999617,
    2.5143808749999152,
    2.5277043750029407,
    2.5084938340005465,
    2.523707291999017,
    2.5173047079988464,
    2.5166028329986148,
    2.5217510829970706,
    2.5169415829986974,
    2.514051082998776,
    2.51392016599857,
    2.5175628750002943,
    2.537045124998258,
    2.5477887089982687,
    2.5574962079990655,
    2.5912529999986873,
    2.556326292000449,
    2.5893748749986116,
    2.576871375000337,
    2.605208749999292,
    2.619005915999878,
    2.617695750002895,
    2.598873625000124,
    2.6118860409987974,
    2.613336499998695,
    2.6192039999987173,
    2.6207311670004856,
    2.618872167000518,
    2.620384040998033,
    2.6395862080025836,
    2.6381176249997225,
    2.642247708998184,
    2.6311554160020023,
    2.6478984159984975,
    2.6282759579989943,
    2.63814800000182,
    2.6288082499995653,
    2.6401257920006174,
    2.6432327080001414,
    2.6504803329989954,
    2.6539579999989655,
    2.6556162499982747,
    2.6612070000010135,
    2.6478223749982135,
    2.649455124999804,
    2.6556634579974343,
    2.6433417500011274,
    2.666230082999391,
    2.6767607080000744,
    2.68964083299943,
    2.6651205840025796,
    2.6434602919980534,
    2.6589056249977148,
    2.6682790409977315,
    2.672878875000606,
    2.6639030000005732,
    2.6595825830008835,
    2.6718505829994683,
    2.648318042000028,
    2.6573313330009114,
    2.6496378749980067,
    2.6570692079985747,
    2.6492156660024193,
    2.6686950830007845,
    2.6904902499991294,
    2.682396708001761,
    2.78809425000145,
    2.7204248340021877,
    2.875984000002063,
    2.6974261659997865,
    2.699474958000792,
    2.726037250002264,
    2.678248166997946,
    2.683460042000661,
    2.707326292002108,
    2.669621749999351,
    2.736396791002335,
    2.8354112500019255,
    2.7002291659991897,
    2.706485332997545,
    2.7411167079990264,
    2.734872707998875,
    2.691027833003318,
    2.68201366699941,
    2.6832585419979296,
    2.6575518749996263,
    2.6559640829982527,
    2.649787667000055,
    2.662563499998214,
    2.6652449590001197,
    2.669220374998986
  ],
  "losses": [
    4.1352152824401855,
    4.161421775817871,
    4.160696029663086,
    4.203310966491699,
    4.1788859367370605,
    4.2402544021606445,
    4.1409912109375,
    4.091043472290039,
    4.070524215698242,
    4.0829243659973145,
    4.0338544845581055,
    3.998002529144287,
    3.982882022857666,
    3.9025444984436035,
    3.8496339321136475,
    3.851590156555176,
    3.7708938121795654,
    3.7708916664123535,
    3.707477569580078,
    3.607821464538574,
    3.5605716705322266,
    3.4714722633361816,
    3.4538533687591553,
    3.3606882095336914,
    3.251305341720581,
    3.2479209899902344,
    3.0894320011138916,
    2.993475914001465,
    2.919609546661377,
    2.914649486541748,
    2.537984848022461,
    2.6031901836395264,
    2.3956751823425293,
    2.242560386657715,
    2.187976360321045,
    2.026378631591797,
    1.959329605102539,
    1.7830429077148438,
    1.7510014772415161,
    1.5243884325027466,
    1.5416793823242188,
    1.5216796398162842,
    1.267488956451416,
    1.329355239868164,
    1.1250221729278564,
    1.149893045425415,
    1.0223052501678467,
    1.1298105716705322,
    0.8216609954833984,
    0.7464518547058105,
    0.8474404811859131,
    0.85533607006073,
    0.737514853477478,
    0.7260380387306213,
    0.6978893280029297,
    0.6091188192367554,
    0.5756335258483887,
    0.6467894315719604,
    0.41705822944641113,
    0.6021614074707031,
    0.41453394293785095,
    0.2999926209449768,
    0.46905696392059326,
    0.33556297421455383,
    0.3803904056549072,
    0.3847053050994873,
    0.3132936954498291,
    0.29928648471832275,
    0.2217436283826828,
    0.14772078394889832,
    0.27587080001831055,
    0.17216134071350098,
    0.15608492493629456,
    0.14612294733524323,
    0.16347023844718933,
    0.12376469373703003,
    0.1136053055524826,
    0.09888841211795807,
    0.0945400595664978,
    0.07930037379264832,
    0.08253919333219528,
    0.0653066486120224,
    0.06672778725624084,
    0.06471920758485794,
    0.06344099342823029,
    0.05081091821193695,
    0.05004332959651947,
    0.04479999840259552,
    0.04611946642398834,
    0.04328638315200806,
    0.04194730892777443,
    0.03857564181089401,
    0.041610680520534515,
    0.03634084016084671,
    0.03473065793514252,
    0.031210217624902725,
    0.031140979379415512,
    0.030208904296159744,
    0.029046975076198578,
    0.03067825734615326
  ],
  "avg_step_time_s": 2.6282271261699135,
  "throughput_samples_per_sec": 97.40406278093096,
  "batch_size_per_rank": 128,
  "world_size": 2,
  "global_batch_size": 256,
  "total_params": 96510024,
  "config": {
    "baseline": false,
    "backend": "mccl",
    "steps": 100,
    "warmup": 5,
    "batch_size": 128,
    "bucket_mb": 25,
    "fp16": false,
    "stress_model": false,
    "input_dim": 512,
    "num_classes": 64,
    "hidden": 1024,
    "depth": 4
  },
  "mccl_metrics": {
    "total_ops": 634,
    "avg_latency_ms": 1180.1753626214515,
    "avg_sync_ms": 1.0055205047318635e-05,
    "avg_network_ms": 27.98075111198738,
    "avg_reduce_ms": 2.5873784700315476
  }
}